{"cameraMode":{"drawMode":0,"name":"Shaded","section":"Shading Mode"},"sceneLighting":true,"audioPlay":false,"sceneViewState":{"showFog":true,"showMaterialUpdate":true,"showSkybox":true,"showFlares":true,"showImageEffects":true,"showParticleSystems":true},"in2DMode":false,"pivot":{"x":-2.8799190521240236,"y":-4.8667449951171879,"z":3.5991315841674806},"rotation":{"x":-0.3898290693759918,"y":0.29575610160827639,"z":-0.1337863653898239,"w":-0.8617791533470154},"size":9.939372062683106,"orthographic":false}