{"cameraMode":{"drawMode":0,"name":"Shaded","section":"Shading Mode"},"sceneLighting":true,"audioPlay":false,"sceneViewState":{"showFog":true,"showMaterialUpdate":true,"showSkybox":true,"showFlares":true,"showImageEffects":true,"showParticleSystems":true},"in2DMode":false,"pivot":{"x":1854.1507568359375,"y":417.21484375,"z":-715.2783203125},"rotation":{"x":-0.11821426451206207,"y":-0.6069100499153137,"z":0.09191735833883286,"w":-0.780539333820343},"size":671.5631713867188,"orthographic":false}