{"cameraMode":{"drawMode":0,"name":"Shaded","section":"Shading Mode"},"sceneLighting":true,"audioPlay":false,"sceneViewState":{"showFog":true,"showMaterialUpdate":true,"showSkybox":true,"showFlares":true,"showImageEffects":true,"showParticleSystems":true},"in2DMode":false,"pivot":{"x":0.022719621658325197,"y":1.3197139501571656,"z":-0.3696960210800171},"rotation":{"x":-0.29175302386283877,"y":0.18275775015354157,"z":-0.056896016001701358,"w":-0.9371486902236939},"size":2.5806946754455568,"orthographic":false}