{"cameraMode":{"drawMode":0,"name":"Shaded","section":"Shading Mode"},"sceneLighting":true,"audioPlay":false,"sceneViewState":{"showFog":true,"showMaterialUpdate":true,"showSkybox":true,"showFlares":true,"showImageEffects":true,"showParticleSystems":true},"in2DMode":false,"pivot":{"x":0.13695287704467774,"y":1.7286062240600587,"z":10.568318367004395},"rotation":{"x":-0.21247871220111848,"y":0.13783594965934754,"z":-0.03028903901576996,"w":-0.9669214487075806},"size":9.939372062683106,"orthographic":false}