{"cameraMode":{"drawMode":0,"name":"Shaded","section":"Shading Mode"},"sceneLighting":true,"audioPlay":false,"sceneViewState":{"showFog":true,"showMaterialUpdate":true,"showSkybox":true,"showFlares":true,"showImageEffects":true,"showParticleSystems":true},"in2DMode":false,"pivot":{"x":2.1274330615997316,"y":-6.808034896850586,"z":2.306025505065918},"rotation":{"x":-0.39420390129089358,"y":0.021226270124316217,"z":-0.009101920761168003,"w":-0.918751060962677},"size":10.920249938964844,"orthographic":false}