{"cameraMode":{"drawMode":0,"name":"Shaded","section":"Shading Mode"},"sceneLighting":false,"audioPlay":false,"sceneViewState":{"showFog":true,"showMaterialUpdate":true,"showSkybox":false,"showFlares":true,"showImageEffects":true,"showParticleSystems":true},"in2DMode":false,"pivot":{"x":0.022719621658325197,"y":1.3197139501571656,"z":-0.3696960210800171},"rotation":{"x":-0.11845608055591583,"y":-0.03514576703310013,"z":0.0041952719911932949,"w":-0.9923292398452759},"size":2.5806946754455568,"orthographic":false}