{"cameraMode":{"drawMode":0,"name":"Shaded","section":"Shading Mode"},"sceneLighting":true,"audioPlay":false,"sceneViewState":{"showFog":true,"showMaterialUpdate":true,"showSkybox":true,"showFlares":true,"showImageEffects":true,"showParticleSystems":true},"in2DMode":false,"pivot":{"x":2.4600040912628176,"y":1.4820303916931153,"z":0.8126348257064819},"rotation":{"x":-0.12966343760490418,"y":-0.182732492685318,"z":0.024320678785443307,"w":-0.974278450012207},"size":0.9247450232505798,"orthographic":false}