{"cameraMode":{"drawMode":0,"name":"Shaded","section":"Shading Mode"},"sceneLighting":true,"audioPlay":false,"sceneViewState":{"showFog":true,"showMaterialUpdate":true,"showSkybox":true,"showFlares":true,"showImageEffects":true,"showParticleSystems":true},"in2DMode":false,"pivot":{"x":-2.0538337230682375,"y":-3.0012760162353517,"z":4.04591178894043},"rotation":{"x":-0.4844437539577484,"y":0.016274914145469667,"z":-0.008999022655189038,"w":-0.8746537566184998},"size":8.498238563537598,"orthographic":false}