{"cameraMode":{"drawMode":0,"name":"Shaded","section":"Shading Mode"},"sceneLighting":true,"audioPlay":false,"sceneViewState":{"showFog":true,"showMaterialUpdate":true,"showSkybox":true,"showFlares":true,"showImageEffects":true,"showParticleSystems":true},"in2DMode":false,"pivot":{"x":749.36181640625,"y":261.463623046875,"z":101.42852783203125},"rotation":{"x":-0.11406096071004868,"y":-0.0008967281901277602,"z":0.00010295912943547592,"w":-0.9934749603271484},"size":507.6214599609375,"orthographic":false}